unnamed_0,sim_id,boom,crash,p_0,p_1,p_2,p_3,p_4,p_5,p_6,p_7,p_8,p_9,p_10,p_11,p_12,p_13,p_14,p_15,p_16,rank
0,7292273141,0.2088629830528563,0.1146626500784411,0.5367327155818108,0.4802500940079977,0.4615077209352476,0.1182510469328174,0.4642285922590605,-1.6287219010422405,-0.8195321485492809,0.5395909173946847,0.0261098312482899,0.0285582250184467,0.2070284216853616,0.1491006152302091,1.026164059219241,3.814279062572808,-1.5329574631143563,-0.0121372302816379,0.0218930336387939,0
